Classification, Distance(â„«)
+, 15.1125, 
+, 11.2195, 
+, 66.4005, 
+, 41.4917, 
+, 34.5468, 
+, 70.5068, 
+, 52.6935, 
+, 25.6814, 
+, 71.0812, 
+, 36.7583, 
+, 48.3195, 
+, 39.4119, 
+, 51.7753, 
+, 23.2212, 
+, 40.8965, 
+, 32.7392, 
+, 61.4634, 
+, 54.8772, 
+, 45.9139, 
+, 57.2264, 
i, 21.3214, 
i, 59.2933, 
i, 51.1894, 
i, 51.26, 
i, 70.6202, 
i, 27.7236, 
i, 55.516, 
i, 78.4715, 
i, 37.9411, 
i, 72.0612, 
i, 74.034, 
i, 56.583, 
i, 64.1467, 
i, 42.7052, 
i, 38.8605, 
i, 18.2247, 
i, 36.9743, 
i, 57.8975, 
-, 47.6402, 
-, 50.7177, 
-, 67.5937, 
-, 25.3501, 
-, 75.3729, 
-, 66.1716, 
-, 26.3091, 
-, 47.1394, 
-, 54.3133, 
-, 67.4906, 
-, 42.6324, 
-, 66.9764, 
-, 59.0534, 
-, 33.0025, 
-, 14.3381, 
-, 29.0036, 
-, 34.758, 
-, 22.8867, 
-, 42.494, 
-, 54.3409, 
-, 61.6568, 
o, 42.7654, 
o, 46.7111, 
o, 27.4381, 
o, 41.9049, 
o, 43.4151, 
o, 34.604, 
o, 17.6816, 
o, 14.9708, 
o, 16.5544, 
o, 27.7236, 
o, 19.2082, 
o, 36.3923, 
o, 39.6528, 
o, 45.3589, 
o, 20.2582, 
o, 59.4043, 
o, 24.8118, 
o, 45.3777, 
o, 40.0199, 
o, 51.0272, 
o, 53.9575, 
o, 53.398, 
o, 47.6204, 
+, 25.4015, 
+, 51.9037, 
+, 28.4482, 
+, 25.028, 
+, 57.4633, 
+, 42.4483, 
+, 15.7537, 
+, 66.2932, 
+, 39.5623, 
+, 58.4964, 
+, 53.1755, 
+, 61.7784, 
+, 8.45134, 
+, 28.0815, 
+, 32.9874, 
+, 48.6342, 
+, 42.0479, 
+, 59.6775, 
+, 67.2295, 
+, 67.6324, 
+, 49.7385, 
+, 35.6038, 
+, 78.7536, 
+, 60.2794, 
+, 33.8765, 
+, 61.155, 
+, 31.6101, 
+, 37.4331, 
+, 28.4748, 
+, 44.5616, 
+, 33.8529, 
+, 46.0198, 
+, 33.4626, 
+, 66.2225, 
+, 63.124, 
+, 34.9768, 
+, 49.3734, 
i, 51.3731, 
i, 37.2152, 
i, 45.6897, 
i, 53.0249, 
i, 24.5401, 
i, 53.1055, 
i, 72.3438, 
i, 51.1722, 
i, 68.0726, 
i, 72.3084, 
i, 51.1305, 
i, 61.3301, 
i, 39.8887, 
i, 45.6669, 
i, 31.855, 
i, 57.3872, 
i, 69.9488, 
i, 29.9848, 
i, 13.7855, 
i, 17.8697, 
i, 32.3652, 
i, 28.8919, 
i, 22.1293, 
i, 49.9978, 
i, 27.161, 
i, 35.0458, 
i, 39.4583, 
i, 35.4693, 
i, 33.1443, 
i, 51.289, 
i, 66.1222, 
i, 61.0427, 
i, 54.1748, 
-, 22.2778, 
-, 26.5436, 
-, 31.2314, 
-, 34.8012, 
-, 42.054, 
-, 47.283, 
-, 45.8559, 
-, 33.9397, 
-, 42.3159, 
-, 24.8903, 
-, 49.9011, 
-, 48.5752, 
-, 59.0868, 
-, 33.4969, 
-, 19.313, 
-, 29.8172, 
-, 35.0863, 
-, 45.2999, 
-, 32.1529, 
-, 49.5134, 
+, 26.6829, 
+, 36.595, 
+, 26.5918, 
+, 39.4983, 
+, 43.9467, 
+, 20.1634, 
+, 37.8307, 
+, 44.4128, 
+, 47.8187, 
+, 44.0096, 
+, 44.607, 
+, 31.876, 
+, 58.5986, 
+, 46.4551, 
+, 43.6063, 
+, 52.3666, 
+, 42.9025, 
i, 37.7396, 
i, 19.7021, 
i, 41.4163, 
i, 51.8339, 
i, 42.3987, 
i, 48.7429, 
i, 34.0133, 
i, 55.9133, 
i, 18.1289, 
i, 51.1583, 
i, 44.1987, 
i, 21.5904, 
i, 36.2335, 
i, 33.2893, 
i, 36.9473, 
+, 31.4666, 
+, 29.0205, 
+, 19.93, 
+, 18.4619, 
+, 44.6294, 
+, 39.7362, 
+, 54.2002, 
+, 55.3374, 
+, 45.0444, 
+, 21.6262, 
+, 23.7133, 
+, 32.4977, 
+, 27.6037, 
+, 17.5249, 
+, 59.8773, 
+, 50.735, 
i, 31.2063, 
i, 24.0979, 
i, 17.3499, 
i, 30.0182, 
i, 38.4513, 
i, 38.9304, 
i, 33.1614, 
i, 52.6184, 
i, 40.8147, 
i, 22.7209, 
i, 8.53006, 
i, 69.4847, 
i, 51.049, 
i, 62.7583, 
-, 17.3509, 
-, 25.5388, 
-, 35.9619, 
-, 38.4543, 
-, 34.8911, 
-, 26.7628, 
-, 54.1658, 
-, 37.5894, 
-, 42.223, 
-, 33.7969, 
-, 47.6372, 
-, 51.4984, 
-, 45.1312, 
-, 29.8581, 
-, 46.3565, 
-, 50.9501, 
-, 59.7266, 
-, 50.927, 
-, 29.9785, 
-, 42.4149, 
-, 19.1855, 
-, 22.222, 
-, 49.5809, 
-, 38.3073, 
-, 37.7264, 
-, 21.3757, 
-, 50.7069, 
-, 27.269, 
-, 40.0105, 
-, 59.506, 
-, 56.2858, 
-, 40.3729, 
-, 55.2958, 
-, 60.1511, 
-, 58.1108, 
-, 53.7541, 
-, 32.5177, 
i, 45.2045, 
i, 46.5867, 
i, 23.2035, 
i, 55.909, 
i, 15.0477, 
i, 36.7181, 
i, 21.9361, 
i, 31.4562, 
i, 46.8194, 
i, 39.7237, 
i, 55.4401, 
i, 43.5205, 
i, 36.6526, 
+, 55.8304, 
+, 50.6404, 
+, 33.9747, 
+, 44.551, 
+, 17.6912, 
+, 37.0852, 
+, 34.6383, 
+, 51.1143, 
+, 22.0363, 
+, 11.5724, 
+, 53.3439, 
+, 58.5665, 
+, 48.7176, 
+, 39.1782, 
+, 51.6748, 
i, 29.3389, 
i, 51.3094, 
i, 30.7312, 
i, 57.7445, 
i, 48.516, 
i, 59.5452, 
i, 37.5378, 
i, 15.7855, 
i, 23.3978, 
i, 45.9483, 
i, 45.567, 
i, 58.2385, 
+, 22.1483, 
+, 47.477, 
+, 34.9429, 
+, 62.2553, 
+, 61.3532, 
+, 70.9446, 
+, 48.7998, 
+, 50.6413, 
+, 48.8979, 
+, 50.5009, 
+, 24.2184, 
+, 42.2433, 
+, 76.3161, 
+, 51.4917, 
i, 27.8964, 
i, 36.4388, 
i, 46.396, 
i, 22.8901, 
i, 58.8019, 
i, 25.3879, 
i, 27.4042, 
i, 63.0766, 
i, 71.7413, 
i, 46.7528, 
i, 53.7991, 
+, 27.7218, 
+, 47.1681, 
+, 58.9099, 
+, 52.422, 
+, 56.0991, 
+, 39.8869, 
+, 37.5292, 
+, 43.0551, 
+, 31.6155, 
+, 15.2971, 
+, 25.638, 
+, 61.4705, 
+, 45.5775, 
-, 59.1125, 
-, 63.8174, 
-, 22.7388, 
-, 34.8137, 
-, 53.4536, 
-, 62.9524, 
-, 41.338, 
-, 51.1247, 
-, 58.6423, 
-, 55.6946, 
-, 19.7637, 
-, 20.0252, 
-, 40.2729, 
-, 33.7788, 
-, 57.1041, 
-, 50.9128, 
-, 42.6119, 
i, 45.2656, 
i, 20.7328, 
i, 15.5002, 
i, 39.2849, 
i, 17.4079, 
i, 47.4629, 
i, 60.3117, 
i, 77.8651, 
i, 49.0023, 
i, 44.2073, 
i, 46.6409, 
i, 41.429, 
i, 38.7405, 
i, 28.1865, 
i, 23.148, 
i, 32.8578, 
i, 39.2798, 
i, 16.5339, 
i, 33.1376, 
+, 61.7914, 
+, 49.079, 
+, 57.3147, 
+, 54.0982, 
+, 51.4462, 
+, 13.0477, 
+, 32.0483, 
+, 22.1309, 
+, 36.5528, 
+, 30.9157, 
+, 60.6002, 
+, 57.1369, 
+, 37.3103, 
+, 29.3613, 
+, 38.9872, 
+, 26.5848, 
+, 61.6484, 
+, 43.5652, 
+, 65.0697, 
+, 39.2407, 
+, 56.549, 
+, 43.6058, 
+, 25.714, 
i, 31.6637, 
i, 19.2456, 
i, 22.6128, 
i, 50.8334, 
i, 40.2354, 
i, 57.9451, 
i, 36.177, 
i, 28.0297, 
-, 13.7164, 
-, 68.2722, 
-, 53.5137, 
-, 25.0925, 
-, 18.4498, 
-, 41.9706, 
-, 35.5254, 
-, 36.8272, 
-, 57.0213, 
-, 61.262, 
-, 52.0482, 
-, 44.6547, 
-, 57.575, 
-, 46.4413, 
-, 41.5174, 
-, 46.3437, 
+, 20.7259, 
+, 17.878, 
+, 34.354, 
+, 37.6479, 
+, 26.6769, 
+, 54.3287, 
+, 64.3225, 
+, 56.9871, 
+, 22.4179, 
+, 36.1912, 
-, 68.3537, 
-, 48.9519, 
-, 16.2884, 
-, 9.15811, 
-, 32.7693, 
-, 28.7193, 
-, 25.8979, 
-, 47.2359, 
-, 52.0607, 
-, 46.9885, 
-, 35.4534, 
-, 48.5831, 
-, 36.6558, 
-, 32.3161, 
-, 40.582, 
i, 49.2215, 
i, 13.2424, 
i, 41.3519, 
i, 64.1533, 
i, 75.6983, 
i, 46.8613, 
i, 46.5194, 
-, 25.6751, 
-, 72.1041, 
-, 65.9142, 
-, 59.9886, 
-, 45.2059, 
-, 47.855, 
-, 41.4898, 
-, 33.8278, 
-, 38.6757, 
-, 56.1893, 
-, 47.3615, 
-, 53.1294, 
-, 69.1201, 
-, 36.1869, 
-, 50.5168, 
-, 41.7892, 
-, 47.5157, 
-, 22.4978, 
-, 24.7504, 
-, 24.9671, 
-, 50.998, 
-, 47.3131, 
-, 48.3113, 
-, 48.6734, 
-, 33.1953, 
-, 52.1181, 
-, 15.128, 
i, 38.2798, 
i, 52.4197, 
i, 21.8841, 
i, 39.6408, 
i, 24.6837, 
i, 20.3111, 
i, 30.6266, 
i, 50.9108, 
i, 62.4559, 
i, 33.6189, 
i, 33.277, 
-, 17.7757, 
-, 20.9111, 
-, 34.9825, 
-, 28.7138, 
-, 43.1398, 
-, 40.2024, 
-, 35.1302, 
-, 23.227, 
-, 36.1473, 
-, 31.7917, 
-, 21.6471, 
-, 46.8518, 
i, 24.1769, 
i, 59.1207, 
i, 34.1322, 
i, 46.8038, 
-, 34.0883, 
-, 20.9921, 
-, 20.8836, 
-, 44.3105, 
-, 53.3797, 
-, 48.3075, 
-, 36.7724, 
-, 49.9021, 
-, 36.8654, 
-, 33.6351, 
-, 33.8216, 
-, 41.3361, 
-, 28.2791, 
-, 38.2488, 
-, 28.5214, 
-, 22.5488, 
-, 18.4461, 
-, 28.3226, 
-, 25.9146, 
-, 21.9834, 
-, 49.0165, 
-, 13.9152, 
-, 34.366, 
-, 66.9629, 
-, 61.3614, 
-, 47.5017, 
-, 57.5433, 
-, 33.8891, 
-, 44.5293, 
-, 14.6203, 
i, 22.3956, 
i, 17.5498, 
i, 31.2687, 
+, 14.3437, 
+, 16.2247, 
+, 57.1435, 
+, 44.328, 
+, 44.2084, 
+, 49.5466, 
+, 53.7718, 
+, 19.5469, 
+, 17.0788, 
i, 28.8627, 
i, 49.6776, 
+, 25.3785, 
+, 54.6649, 
+, 43.3942, 
+, 43.7261, 
+, 55.347, 
+, 57.203, 
+, 6.50201, 
+, 27.8059, 
+, 60.5615, 
+, 55.7242, 
+, 38.5358, 
+, 34.5311, 
+, 41.2367, 
+, 30.75, 
+, 6.08226, 
-, 26.5587, 
-, 53.9059, 
-, 48.3044, 
-, 34.6976, 
-, 44.7391, 
-, 21.4514, 
-, 31.6476, 
-, 22.0997, 
i, 21.3004, 
-, 38.1964, 
-, 50.818, 
-, 29.6451, 
-, 25.3184, 
-, 15.5425, 
-, 42.8513, 
-, 36.0547, 
-, 16.2598, 
-, 22.3616, 
-, 14.5241, 
-, 38.5371, 
-, 40.23, 
-, 60.6444, 
o, 29.0357, 
o, 21.836, 
o, 37.5517, 
o, 41.1871, 
o, 31.3716, 
o, 39.4975, 
o, 37.021, 
o, 36.5803, 
o, 53.0745, 
o, 52.0526, 
+, 22.476, 
+, 33.6363, 
+, 43.4809, 
+, 35.5886, 
+, 59.2048, 
+, 66.2521, 
+, 53.1786, 
+, 50.9303, 
+, 40.5536, 
+, 47.9341, 
+, 55.6043, 
-, 24.4508, 
-, 26.1288, 
-, 41.282, 
-, 31.5547, 
-, 53.6658, 
o, 26.1568, 
o, 36.4661, 
o, 37.413, 
o, 18.3018, 
o, 21.079, 
o, 14.6932, 
o, 16.4333, 
o, 45.9585, 
o, 61.2551, 
o, 39.6018, 
o, 20.8688, 
o, 26.2682, 
o, 30.0499, 
o, 31.9176, 
o, 34.3567, 
o, 60.4254, 
o, 65.5509, 
o, 46.1941, 
o, 27.8665, 
o, 38.567, 
o, 32.5244, 
o, 40.9932, 
o, 55.841, 
o, 78.4144, 
-, 13.854, 
-, 16.8312, 
-, 26.9765, 
-, 53.7664, 
o, 30.3348, 
o, 21.7026, 
o, 35.5365, 
o, 43.2423, 
o, 51.8138, 
o, 55.8977, 
-, 24.5116, 
-, 40.1062, 
-, 60.164, 
o, 15.4184, 
o, 5.64942, 
o, 13.2106, 
o, 35.9718, 
o, 52.5323, 
o, 13.8339, 
o, 25.0056, 
o, 33.4905, 
o, 45.6494, 
+, 37.3386, 
+, 39.7818, 
+, 49.0976, 
+, 44.2252, 
o, 12.9068, 
o, 35.0116, 
o, 51.3897, 
-, 30.7875, 
-, 39.7385, 
+, 26.4934, 
+, 60.7184, 
+, 38.944, 
+, 62.5745, 
+, 46.9273, 
-, 52.385, 
o, 46.0282, 
o, 62.5589, 
o, 30.3704, 
+, 33.1774, 
